nss_state_code,state_name,nss_region,nss_district_code,nss_district_name,census2011_code,census2011_name,match_type,note
1,Jammu & Kashmir,13,1,Kupwara,1,Kupwara,exact,
1,Jammu & Kashmir,13,2,Badgam,2,Badgam,exact,
1,Jammu & Kashmir,12,5,Punch,5,Punch,exact,
1,Jammu & Kashmir,12,6,Rajouri,6,Rajouri,exact,
1,Jammu & Kashmir,11,7,Kathua,7,Kathua,exact,
1,Jammu & Kashmir,13,8,Baramula,8,Baramula,exact,
1,Jammu & Kashmir,13,9,Bandipore,9,Bandipore,exact,
1,Jammu & Kashmir,13,10,Srinagar,10,Srinagar,exact,
1,Jammu & Kashmir,13,11,Ganderbal,11,Ganderbal,exact,
1,Jammu & Kashmir,13,12,Pulwama,12,Pulwama,exact,
1,Jammu & Kashmir,13,13,Shupiyan,13,Shupiyan,exact,
1,Jammu & Kashmir,13,14,Anantnag,14,Anantnag,exact,
1,Jammu & Kashmir,13,15,Kulgam,15,Kulgam,exact,
1,Jammu & Kashmir,12,16,Doda,16,Doda,exact,
1,Jammu & Kashmir,12,17,Ramban,17,Ramban,exact,
1,Jammu & Kashmir,12,18,Kishtwar,18,Kishtwar,exact,
1,Jammu & Kashmir,12,19,Udhampur,19,Udhampur,exact,
1,Jammu & Kashmir,12,20,Reasi,20,Reasi,exact,
1,Jammu & Kashmir,11,21,Jammu,21,Jammu,exact,
1,Jammu & Kashmir,11,22,Samba,22,Samba,exact,
2,Himachal Pradesh,22,1,Chamba,23,Chamba,exact,
2,Himachal Pradesh,21,2,Kangra,24,Kangra,exact,
2,Himachal Pradesh,22,3,Lahul & Spiti,25,Lahul AND Spiti,exact,
2,Himachal Pradesh,21,4,Kullu,26,Kullu,exact,
2,Himachal Pradesh,21,5,Mandi,27,Mandi,exact,
2,Himachal Pradesh,21,6,Hamirpur,28,Hamirpur,exact,
2,Himachal Pradesh,21,7,Una,29,Una,exact,
2,Himachal Pradesh,22,8,Bilaspur,30,Bilaspur,exact,
2,Himachal Pradesh,22,9,Solan,31,Solan,exact,
2,Himachal Pradesh,22,10,Sirmaur,32,Sirmaur,exact,
2,Himachal Pradesh,22,11,Shimla,33,Shimla,exact,
2,Himachal Pradesh,22,12,Kinnaur,34,Kinnaur,exact,
3,Punjab,31,1,Gurdaspur,35,Gurdaspur,exact,
3,Punjab,31,2,Kapurthala,36,Kapurthala,exact,
3,Punjab,31,3,Jalandhar,37,Jalandhar,exact,
3,Punjab,31,4,Hoshiarpur,38,Hoshiarpur,exact,
3,Punjab,31,5,Shahid Bhagat Singh Nagar,39,Shahid Bhagat Singh Nagar,exact,
3,Punjab,32,6,Fatehgarh Sahib,40,Fatehgarh Sahib,exact,
3,Punjab,32,7,Ludhiana,41,Ludhiana,exact,
3,Punjab,32,8,Moga,42,Moga,exact,
3,Punjab,32,9,Firozpur,43,Firozpur,exact,
3,Punjab,32,10,Muktsar,44,Muktsar,exact,
3,Punjab,32,11,Faridkot,45,Faridkot,exact,
3,Punjab,32,12,Bhatinda,46,Bathinda,alias,Spelling variant of the 2011 census name.
3,Punjab,32,13,Mansa,47,Mansa,exact,
3,Punjab,32,14,Patiala,48,Patiala,exact,
3,Punjab,31,15,Amritsar,49,Amritsar,exact,
3,Punjab,31,16,Tarn Taran,50,Tarn Taran,exact,
3,Punjab,31,17,Rupnagar,51,Rupnagar,exact,
3,Punjab,31,18,Sahibzada Ajit Singh Nagar,52,Sahibzada Ajit Singh Nagar,exact,
3,Punjab,32,19,Sangrur,53,Sangrur,exact,
3,Punjab,32,20,Barnala,54,Barnala,exact,
3,Punjab,31,21,Pathankot,35,Gurdaspur,parent2011,District created after Census 2011; mapped to its dominant 2011 parent district.
3,Punjab,32,22,Fazilka,43,Firozpur,parent2011,District created after Census 2011; mapped to its dominant 2011 parent district.
4,Chandigarh,41,1,Chandigarh,55,Chandigarh,exact,
5,Uttarakhand,51,1,Uttarkashi,56,Uttarkashi,exact,
5,Uttarakhand,51,2,Chamoli,57,Chamoli,exact,
5,Uttarakhand,51,3,Rudraprayag,58,Rudraprayag,exact,
5,Uttarakhand,51,4,Tehri Garhwal,59,Tehri Garhwal,exact,
5,Uttarakhand,51,5,Dehradun,60,Dehradun,exact,
5,Uttarakhand,51,6,Garhwal,61,Garhwal,exact,
5,Uttarakhand,51,7,Pithoragarh,62,Pithoragarh,exact,
5,Uttarakhand,51,8,Bageshwar,63,Bageshwar,exact,
5,Uttarakhand,51,9,Almora,64,Almora,exact,
5,Uttarakhand,51,10,Champawat,65,Champawat,exact,
5,Uttarakhand,51,11,Nainital,66,Nainital,exact,
5,Uttarakhand,51,12,Udham Singh Nagar,67,Udham Singh Nagar,exact,
5,Uttarakhand,51,13,Hardwar,68,Hardwar,exact,
6,Haryana,61,1,Panchkula,69,Panchkula,exact,
6,Haryana,61,2,Ambala,70,Ambala,exact,
6,Haryana,61,3,Yamunanagar,71,Yamunanagar,exact,
6,Haryana,61,4,Kurukshetra,72,Kurukshetra,exact,
6,Haryana,61,5,Kaithal,73,Kaithal,exact,
6,Haryana,61,6,Karnal,74,Karnal,exact,
6,Haryana,61,7,Panipat,75,Panipat,exact,
6,Haryana,61,8,Sonipat,76,Sonipat,exact,
6,Haryana,62,9,Jind,77,Jind,exact,
6,Haryana,62,10,Fatehabad,78,Fatehabad,exact,
6,Haryana,62,11,Sirsa,79,Sirsa,exact,
6,Haryana,62,12,Hisar,80,Hisar,exact,
6,Haryana,62,13,Bhiwani,81,Bhiwani,exact,
6,Haryana,61,14,Rohtak,82,Rohtak,exact,
6,Haryana,61,15,Jhajjar,83,Jhajjar,exact,
6,Haryana,62,16,Mahendragarh,84,Mahendragarh,exact,
6,Haryana,62,17,Rewari,85,Rewari,exact,
6,Haryana,61,18,Gurgaon,86,Gurgaon,exact,
6,Haryana,61,19,Mewat,87,Mewat,exact,
6,Haryana,61,20,Faridabad,88,Faridabad,exact,
6,Haryana,61,21,Palwal,89,Palwal,exact,
7,Delhi,71,1,North West,90,North West,exact,
7,Delhi,71,2,North,91,North,exact,
7,Delhi,71,3,North East,92,North East,exact,
7,Delhi,71,4,East,93,East,exact,
7,Delhi,71,5,New Delhi,94,New Delhi,exact,
7,Delhi,71,6,Central,95,Central,exact,
7,Delhi,71,7,West,96,West,exact,
7,Delhi,71,8,South West,97,South West,exact,
7,Delhi,71,9,South,98,South,exact,
8,Rajasthan,85,1,Sri Ganganagar,99,Ganganagar,alias,Spelling variant of the 2011 census name.
8,Rajasthan,85,2,Hanumangarh,100,Hanumangarh,exact,
8,Rajasthan,81,3,Bikaner,101,Bikaner,exact,
8,Rajasthan,85,4,Churu,102,Churu,exact,
8,Rajasthan,85,5,Jhunjhunun,103,Jhunjhunun,exact,
8,Rajasthan,82,6,Alwar,104,Alwar,exact,
8,Rajasthan,82,7,Bharatpur,105,Bharatpur,exact,
8,Rajasthan,82,8,Dhaulpur,106,Dhaulpur,exact,
8,Rajasthan,82,9,Karauli,107,Karauli,exact,
8,Rajasthan,82,10,Sawai Madhopur,108,Sawai Madhopur,exact,
8,Rajasthan,82,11,Dausa,109,Dausa,exact,
8,Rajasthan,82,12,Jaipur,110,Jaipur,exact,
8,Rajasthan,85,13,Sikar,111,Sikar,exact,
8,Rajasthan,85,14,Nagaur,112,Nagaur,exact,
8,Rajasthan,81,15,Jodhpur,113,Jodhpur,exact,
8,Rajasthan,81,16,Jaisalmer,114,Jaisalmer,exact,
8,Rajasthan,81,17,Barmer,115,Barmer,exact,
8,Rajasthan,81,18,Jalor,116,Jalor,exact,
8,Rajasthan,81,19,Sirohi,117,Sirohi,exact,
8,Rajasthan,81,20,Pali,118,Pali,exact,
8,Rajasthan,82,21,Ajmer,119,Ajmer,exact,
8,Rajasthan,82,22,Tonk,120,Tonk,exact,
8,Rajasthan,84,23,Bundi,121,Bundi,exact,
8,Rajasthan,82,24,Bhilwara,122,Bhilwara,exact,
8,Rajasthan,83,25,Rajsamand,123,Rajsamand,exact,
8,Rajasthan,83,26,Dungarpur,124,Dungarpur,exact,
8,Rajasthan,83,27,Banswara,125,Banswara,exact,
8,Rajasthan,84,28,Chittaurgarh,126,Chittaurgarh,exact,
8,Rajasthan,84,29,Kota,127,Kota,exact,
8,Rajasthan,84,30,Baran,128,Baran,exact,
8,Rajasthan,84,31,Jhalawar,129,Jhalawar,exact,
8,Rajasthan,83,32,Udaipur,130,Udaipur,exact,
8,Rajasthan,84,33,Pratapgarh,131,Pratapgarh,exact,
9,Uttar Pradesh,91,1,Saharanpur,132,Saharanpur,exact,
9,Uttar Pradesh,91,2,Muzaffarnagar,133,Muzaffarnagar,exact,
9,Uttar Pradesh,91,3,Bijnor,134,Bijnor,exact,
9,Uttar Pradesh,91,4,Moradabad,135,Moradabad,exact,
9,Uttar Pradesh,91,5,Rampur,136,Rampur,exact,
9,Uttar Pradesh,92,6,Jyotiba Phule Nagar,137,Jyotiba Phule Nagar,exact,
9,Uttar Pradesh,92,7,Meerut,138,Meerut,exact,
9,Uttar Pradesh,92,8,Baghpat,139,Baghpat,exact,
9,Uttar Pradesh,92,9,Ghaziabad,140,Ghaziabad,exact,
9,Uttar Pradesh,92,10,Gautam Buddha Nagar,141,Gautam Buddha Nagar,exact,
9,Uttar Pradesh,95,11,Bulandshahr,142,Bulandshahr,exact,
9,Uttar Pradesh,95,12,Aligarh,143,Aligarh,exact,
9,Uttar Pradesh,95,13,Mahamaya Nagar,144,Mahamaya Nagar,exact,
9,Uttar Pradesh,95,14,Mathura,145,Mathura,exact,
9,Uttar Pradesh,95,15,Agra,146,Agra,exact,
9,Uttar Pradesh,95,16,Firozabad,147,Firozabad,exact,
9,Uttar Pradesh,95,17,Mainpuri,148,Mainpuri,exact,
9,Uttar Pradesh,95,18,Budaun,149,Budaun,exact,
9,Uttar Pradesh,95,19,Bareilly,150,Bareilly,exact,
9,Uttar Pradesh,95,20,Pilibhit,151,Pilibhit,exact,
9,Uttar Pradesh,95,21,Shahjahanpur,152,Shahjahanpur,exact,
9,Uttar Pradesh,95,22,Kheri,153,Kheri,exact,
9,Uttar Pradesh,92,23,Sitapur,154,Sitapur,exact,
9,Uttar Pradesh,92,24,Hardoi,155,Hardoi,exact,
9,Uttar Pradesh,92,25,Unnao,156,Unnao,exact,
9,Uttar Pradesh,92,26,Lucknow,157,Lucknow,exact,
9,Uttar Pradesh,92,27,Rae Bareli,158,Rae Bareli,exact,
9,Uttar Pradesh,95,28,Farrukhabad,159,Farrukhabad,exact,
9,Uttar Pradesh,95,29,Kannauj,160,Kannauj,exact,
9,Uttar Pradesh,95,30,Etawah,161,Etawah,exact,
9,Uttar Pradesh,95,31,Auraiya,162,Auraiya,exact,
9,Uttar Pradesh,92,32,Kanpur Dehat,163,Kanpur Dehat,exact,
9,Uttar Pradesh,92,33,Kanpur Nagar,164,Kanpur Nagar,exact,
9,Uttar Pradesh,94,34,Jalaun,165,Jalaun,exact,
9,Uttar Pradesh,94,35,Jhansi,166,Jhansi,exact,
9,Uttar Pradesh,94,36,Lalitpur,167,Lalitpur,exact,
9,Uttar Pradesh,94,37,Hamirpur,168,Hamirpur,exact,
9,Uttar Pradesh,94,38,Mahoba,169,Mahoba,exact,
9,Uttar Pradesh,94,39,Banda,170,Banda,exact,
9,Uttar Pradesh,94,40,Chitrakoot,171,Chitrakoot,exact,
9,Uttar Pradesh,92,41,Fatehpur,172,Fatehpur,exact,
9,Uttar Pradesh,93,42,Pratapgarh,173,Pratapgarh,exact,
9,Uttar Pradesh,93,43,Kaushambi,174,Kaushambi,exact,
9,Uttar Pradesh,93,44,Allahabad,175,Allahabad,exact,
9,Uttar Pradesh,92,45,Bara Banki,176,Bara Banki,exact,
9,Uttar Pradesh,93,46,Faizabad,177,Faizabad,exact,
9,Uttar Pradesh,93,47,Ambedkar Nagar,178,Ambedkar Nagar,exact,
9,Uttar Pradesh,93,48,Sultanpur,179,Sultanpur,exact,
9,Uttar Pradesh,93,49,Bahraich,180,Bahraich,exact,
9,Uttar Pradesh,93,50,Shrawasti,181,Shrawasti,exact,
9,Uttar Pradesh,93,51,Balrampur,182,Balrampur,exact,
9,Uttar Pradesh,93,52,Gonda,183,Gonda,exact,
9,Uttar Pradesh,93,53,Siddharthnagar,184,Siddharthnagar,exact,
9,Uttar Pradesh,93,54,Basti,185,Basti,exact,
9,Uttar Pradesh,93,55,Sant Kabir Nagar,186,Sant Kabir Nagar,exact,
9,Uttar Pradesh,93,56,Maharajganj,187,Mahrajganj,alias,Spelling variant of the 2011 census name.
9,Uttar Pradesh,93,57,Gorakhpur,188,Gorakhpur,exact,
9,Uttar Pradesh,93,58,Kushinagar,189,Kushinagar,exact,
9,Uttar Pradesh,93,59,Deoria,190,Deoria,exact,
9,Uttar Pradesh,93,60,Azamgarh,191,Azamgarh,exact,
9,Uttar Pradesh,93,61,Mau,192,Mau,exact,
9,Uttar Pradesh,93,62,Ballia,193,Ballia,exact,
9,Uttar Pradesh,93,63,Jaunpur,194,Jaunpur,exact,
9,Uttar Pradesh,93,64,Ghazipur,195,Ghazipur,exact,
9,Uttar Pradesh,93,65,Chandauli,196,Chandauli,exact,
9,Uttar Pradesh,93,66,Varanasi,197,Varanasi,exact,
9,Uttar Pradesh,93,67,Sant Ravidas Nagar(Bhadohi),198,Sant Ravidas Nagar (Bhadohi),exact,
9,Uttar Pradesh,93,68,Mirzapur,199,Mirzapur,exact,
9,Uttar Pradesh,93,69,Sonbhadra,200,Sonbhadra,exact,
9,Uttar Pradesh,95,70,Etah,201,Etah,exact,
9,Uttar Pradesh,95,71,Kanshiram Nagar,202,Kanshiram Nagar,exact,
10,Bihar,101,1,Pashchim Champaran,203,Pashchim Champaran,exact,
10,Bihar,101,2,Purba Champaran,204,Purba Champaran,exact,
10,Bihar,101,3,Sheohar,205,Sheohar,exact,
10,Bihar,101,4,Sitamarhi,206,Sitamarhi,exact,
10,Bihar,101,5,Madhubani,207,Madhubani,exact,
10,Bihar,101,6,Supaul,208,Supaul,exact,
10,Bihar,101,7,Araria,209,Araria,exact,
10,Bihar,101,8,Kishanganj,210,Kishanganj,exact,
10,Bihar,101,9,Purnia,211,Purnia,exact,
10,Bihar,101,10,Katihar,212,Katihar,exact,
10,Bihar,101,11,Madhepura,213,Madhepura,exact,
10,Bihar,101,12,Saharsa,214,Saharsa,exact,
10,Bihar,101,13,Darbhanga,215,Darbhanga,exact,
10,Bihar,101,14,Muzaffarpur,216,Muzaffarpur,exact,
10,Bihar,101,15,Gopalganj,217,Gopalganj,exact,
10,Bihar,101,16,Siwan,218,Siwan,exact,
10,Bihar,101,17,Saran,219,Saran,exact,
10,Bihar,101,18,Vaishali,220,Vaishali,exact,
10,Bihar,101,19,Samastipur,221,Samastipur,exact,
10,Bihar,101,20,Begusarai,222,Begusarai,exact,
10,Bihar,101,21,Khagaria,223,Khagaria,exact,
10,Bihar,102,22,Bhagalpur,224,Bhagalpur,exact,
10,Bihar,102,23,Banka,225,Banka,exact,
10,Bihar,102,24,Munger,226,Munger,exact,
10,Bihar,102,25,Lakhisarai,227,Lakhisarai,exact,
10,Bihar,102,26,Sheikhpura,228,Sheikhpura,exact,
10,Bihar,102,27,Nalanda,229,Nalanda,exact,
10,Bihar,102,28,Patna,230,Patna,exact,
10,Bihar,102,29,Bhojpur,231,Bhojpur,exact,
10,Bihar,102,30,Buxar,232,Buxar,exact,
10,Bihar,102,31,Kaimur (Bhabua),233,Kaimur (Bhabua),exact,
10,Bihar,102,32,Rohtas,234,Rohtas,exact,
10,Bihar,102,33,Aurangabad,235,Aurangabad,exact,
10,Bihar,102,34,Gaya,236,Gaya,exact,
10,Bihar,102,35,Nawada,237,Nawada,exact,
10,Bihar,102,36,Jamui,238,Jamui,exact,
10,Bihar,102,37,Jehanabad,239,Jehanabad,exact,
10,Bihar,102,38,Arwal,240,Arwal,exact,
11,Sikkim,111,1,North District,241,North  District,exact,
11,Sikkim,111,2,West District,242,West District,exact,
11,Sikkim,111,3,South District,243,South District,exact,
11,Sikkim,111,4,East District,244,East District,exact,
12,Arunachal Pradesh,121,1,Tawang,245,Tawang,exact,
12,Arunachal Pradesh,121,2,West Kameng,246,West Kameng,exact,
12,Arunachal Pradesh,121,3,East Kameng,247,East Kameng,exact,
12,Arunachal Pradesh,121,4,Papum Pare,248,Papum Pare,exact,
12,Arunachal Pradesh,121,5,Upper Subansiri,249,Upper Subansiri,exact,
12,Arunachal Pradesh,121,6,West Siang,250,West Siang,exact,
12,Arunachal Pradesh,121,7,East Siang,251,East Siang,exact,
12,Arunachal Pradesh,121,8,Upper Siang,252,Upper Siang,exact,
12,Arunachal Pradesh,121,9,Changlang,253,Changlang,exact,
12,Arunachal Pradesh,121,10,Tirap,254,Tirap,exact,
12,Arunachal Pradesh,121,11,Lower Subansiri,255,Lower Subansiri,exact,
12,Arunachal Pradesh,121,12,Kurung Kumey,256,Kurung Kumey,exact,
12,Arunachal Pradesh,121,13,Dibang Valley,257,Dibang Valley,exact,
12,Arunachal Pradesh,121,14,Lower Dibang Valley,258,Lower Dibang Valley,exact,
12,Arunachal Pradesh,121,15,Lohit,259,Lohit,exact,
12,Arunachal Pradesh,121,16,Anjaw,260,Anjaw,exact,
13,Nagaland,131,1,Mon,261,Mon,exact,
13,Nagaland,131,2,Mokokchung,262,Mokokchung,exact,
13,Nagaland,131,3,Zunheboto,263,Zunheboto,exact,
13,Nagaland,131,4,Wokha,264,Wokha,exact,
13,Nagaland,131,5,Dimapur,265,Dimapur,exact,
13,Nagaland,131,6,Phek,266,Phek,exact,
13,Nagaland,131,7,Tuensang,267,Tuensang,exact,
13,Nagaland,131,8,Longleng,268,Longleng,exact,
13,Nagaland,131,9,Kiphire,269,Kiphire,exact,
13,Nagaland,131,10,Kohima,270,Kohima,exact,
13,Nagaland,131,11,Peren,271,Peren,exact,
14,Manipur,142,1,Senapati,272,Senapati,exact,
14,Manipur,142,2,Tamenglong,273,Tamenglong,exact,
14,Manipur,142,3,Churachandpur,274,Churachandpur,exact,
14,Manipur,141,4,Bishnupur,275,Bishnupur,exact,
14,Manipur,141,5,Thoubal,276,Thoubal,exact,
14,Manipur,141,6,Imphal West,277,Imphal West,exact,
14,Manipur,141,7,Imphal East,278,Imphal East,exact,
14,Manipur,142,8,Ukhrul,279,Ukhrul,exact,
14,Manipur,142,9,Chandel,280,Chandel,exact,
15,Mizoram,151,1,Mamit,281,Mamit,exact,
15,Mizoram,151,2,Kolasib,282,Kolasib,exact,
15,Mizoram,151,3,Aizwal,283,Aizawl,alias,Spelling variant of the 2011 census name.
15,Mizoram,151,4,Champhai,284,Champhai,exact,
15,Mizoram,151,5,Serchhip,285,Serchhip,exact,
15,Mizoram,151,6,Lunglei,286,Lunglei,exact,
15,Mizoram,151,7,Lawngtlai,287,Lawngtlai,exact,
15,Mizoram,151,8,Saiha,288,Saiha,exact,
16,Tripura,161,1,West Tripura,289,West Tripura,exact,
16,Tripura,161,2,South Tripura,290,South Tripura,exact,
16,Tripura,161,3,Dhalai,291,Dhalai,exact,
16,Tripura,161,4,North Tripura,292,North Tripura,exact,
17,Meghalaya,171,1,West Garo Hills,293,West Garo Hills,exact,
17,Meghalaya,171,2,East Garo Hills,294,East Garo Hills,exact,
17,Meghalaya,171,3,South Garo Hills,295,South Garo Hills,exact,
17,Meghalaya,171,4,West Khasi Hills,296,West Khasi Hills,exact,
17,Meghalaya,171,5,Ribhoi,297,Ribhoi,exact,
17,Meghalaya,171,6,East Khasi Hills,298,East Khasi Hills,exact,
17,Meghalaya,171,7,Jaintia Hills,299,Jaintia Hills,exact,
18,Assam,182,1,Kokrajhar,300,Kokrajhar,exact,
18,Assam,182,2,Dhubri,301,Dhubri,exact,
18,Assam,182,3,Goalpara,302,Goalpara,exact,
18,Assam,182,4,Barpeta,303,Barpeta,exact,
18,Assam,184,5,Morigaon,304,Morigaon,exact,
18,Assam,184,6,Nagaon,305,Nagaon,exact,
18,Assam,184,7,Sonitpur,306,Sonitpur,exact,
18,Assam,181,8,Lakhimpur,307,Lakhimpur,exact,
18,Assam,181,9,Dhemaji,308,Dhemaji,exact,
18,Assam,181,10,Tinsukia,309,Tinsukia,exact,
18,Assam,181,11,Dibrugarh,310,Dibrugarh,exact,
18,Assam,181,12,Sivasagar,311,Sivasagar,exact,
18,Assam,181,13,Jorhat,312,Jorhat,exact,
18,Assam,181,14,Golaghat,313,Golaghat,exact,
18,Assam,183,15,Karbi Anglong,314,Karbi Anglong,exact,
18,Assam,183,16,Dima Hasao,315,Dima Hasao,exact,
18,Assam,183,17,Cachar,316,Cachar,exact,
18,Assam,183,18,Karimganj,317,Karimganj,exact,
18,Assam,183,19,Hailakandi,318,Hailakandi,exact,
18,Assam,182,20,Bongaigaon,319,Bongaigaon,exact,
18,Assam,182,21,Chirang,320,Chirang,exact,
18,Assam,182,22,Kamrup,321,Kamrup,exact,
18,Assam,182,23,Kamrup Metropolitan,322,Kamrup Metropolitan,exact,
18,Assam,182,24,Nalbari,323,Nalbari,exact,
18,Assam,182,25,Baksa,324,Baksa,exact,
18,Assam,184,26,Darrang,325,Darrang,exact,
18,Assam,184,27,Udalguri,326,Udalguri,exact,
19,West Bengal,191,1,Darjiling,327,Darjiling,exact,
19,West Bengal,191,2,Jalpaiguri,328,Jalpaiguri,exact,
19,West Bengal,191,3,Koch Bihar,329,Koch Bihar,exact,
19,West Bengal,192,4,Uttar Dinajpur,330,Uttar Dinajpur,exact,
19,West Bengal,192,5,Dakshin Dinajpur,331,Dakshin Dinajpur,exact,
19,West Bengal,192,6,Maldah,332,Maldah,exact,
19,West Bengal,192,7,Murshidabad,333,Murshidabad,exact,
19,West Bengal,192,8,Birbhum,334,Birbhum,exact,
19,West Bengal,194,9,Purba Barddhaman,335,Barddhaman,parent2011,2017 split of Barddhaman; both halves map to 2011 Barddhaman.
19,West Bengal,192,10,Nadia,336,Nadia,exact,
19,West Bengal,193,11,North Twenty Four Parganas,337,North Twenty Four Parganas,exact,
19,West Bengal,194,12,Hugli,338,Hugli,exact,
19,West Bengal,195,13,Bankura,339,Bankura,exact,
19,West Bengal,195,14,Puruliya,340,Puruliya,exact,
19,West Bengal,194,15,Haora,341,Haora,exact,
19,West Bengal,193,16,Kolkata,342,Kolkata,exact,
19,West Bengal,193,17,South Twenty Four Parganas,343,South Twenty Four Parganas,exact,
19,West Bengal,195,18,Paschim Medinipur,344,Paschim Medinipur,exact,
19,West Bengal,195,19,Purba Medinipur,345,Purba Medinipur,exact,
19,West Bengal,191,20,Alipurduar,328,Jalpaiguri,parent2011,District created after Census 2011; mapped to its dominant 2011 parent district.
19,West Bengal,191,21,Kalimpong,327,Darjiling,parent2011,District created after Census 2011; mapped to its dominant 2011 parent district.
19,West Bengal,195,22,Jhargram,344,Paschim Medinipur,parent2011,District created after Census 2011; mapped to its dominant 2011 parent district.
19,West Bengal,194,23,Paschim Barddhaman,335,Barddhaman,parent2011,2017 split of Barddhaman; both halves map to 2011 Barddhaman.
20,Jharkhand,201,1,Garhwa,346,Garhwa,exact,
20,Jharkhand,202,2,Chatra,347,Chatra,exact,
20,Jharkhand,202,3,Kodarma,348,Kodarma,exact,
20,Jharkhand,202,4,Giridih,349,Giridih,exact,
20,Jharkhand,202,5,Deoghar,350,Deoghar,exact,
20,Jharkhand,202,6,Godda,351,Godda,exact,
20,Jharkhand,202,7,Sahibganj,352,Sahibganj,exact,
20,Jharkhand,202,8,Pakur,353,Pakur,exact,
20,Jharkhand,202,9,Dhanbad,354,Dhanbad,exact,
20,Jharkhand,202,10,Bokaro,355,Bokaro,exact,
20,Jharkhand,201,11,Lohardaga,356,Lohardaga,exact,
20,Jharkhand,201,12,Purbi Singhbhum,357,Purbi Singhbhum,exact,
20,Jharkhand,201,13,Palamu,358,Palamu,exact,
20,Jharkhand,201,14,Latehar,359,Latehar,exact,
20,Jharkhand,202,15,Hazaribagh,360,Hazaribagh,exact,
20,Jharkhand,202,16,Ramgarh,361,Ramgarh,exact,
20,Jharkhand,202,17,Dumka,362,Dumka,exact,
20,Jharkhand,202,18,Jamtara,363,Jamtara,exact,
20,Jharkhand,201,19,Ranchi,364,Ranchi,exact,
20,Jharkhand,201,20,Khunti,365,Khunti,exact,
20,Jharkhand,201,21,Gumla,366,Gumla,exact,
20,Jharkhand,201,22,Simdega,367,Simdega,exact,
20,Jharkhand,201,23,Pashchimi Singhbhum,368,Pashchimi Singhbhum,exact,
20,Jharkhand,201,24,Saraikela-Kharsawan,369,Saraikela-Kharsawan,exact,
21,Odisha,213,1,Bargarh,370,Bargarh,exact,
21,Odisha,213,2,Jharsuguda,371,Jharsuguda,exact,
21,Odisha,213,3,Sambalpur,372,Sambalpur,exact,
21,Odisha,213,4,Debagarh,373,Debagarh,exact,
21,Odisha,213,5,Sundargarh,374,Sundargarh,exact,
21,Odisha,213,6,Kendujhar,375,Kendujhar,exact,
21,Odisha,213,7,Mayurbhanj,376,Mayurbhanj,exact,
21,Odisha,211,8,Baleshwar,377,Baleshwar,exact,
21,Odisha,211,9,Bhadrak,378,Bhadrak,exact,
21,Odisha,211,10,Kendrapara,379,Kendrapara,exact,
21,Odisha,211,11,Jagatsinghapur,380,Jagatsinghapur,exact,
21,Odisha,211,12,Cuttack,381,Cuttack,exact,
21,Odisha,211,13,Jajapur,382,Jajapur,exact,
21,Odisha,213,14,Dhenkanal,383,Dhenkanal,exact,
21,Odisha,213,15,Anugul,384,Anugul,exact,
21,Odisha,211,16,Nayagarh,385,Nayagarh,exact,
21,Odisha,211,17,Khordha,386,Khordha,exact,
21,Odisha,211,18,Puri,387,Puri,exact,
21,Odisha,212,19,Ganjam,388,Ganjam,exact,
21,Odisha,212,20,Gajapati,389,Gajapati,exact,
21,Odisha,212,21,Kandhamal,390,Kandhamal,exact,
21,Odisha,212,22,Baudh,391,Baudh,exact,
21,Odisha,212,23,Subarnapur,392,Subarnapur,exact,
21,Odisha,212,24,Balangir,393,Balangir,exact,
21,Odisha,212,25,Nuapada,394,Nuapada,exact,
21,Odisha,212,26,Kalahandi,395,Kalahandi,exact,
21,Odisha,212,27,Rayagada,396,Rayagada,exact,
21,Odisha,212,28,Nabarangapur,397,Nabarangapur,exact,
21,Odisha,212,29,Koraput,398,Koraput,exact,
21,Odisha,212,30,Malkangiri,399,Malkangiri,exact,
22,Chhattisgarh,221,1,Koriya,400,Koriya,exact,
22,Chhattisgarh,221,2,Surguja,401,Surguja,exact,
22,Chhattisgarh,222,3,Jashpur,402,Jashpur,exact,
22,Chhattisgarh,222,4,Raigarh,403,Raigarh,exact,
22,Chhattisgarh,222,5,Korba,404,Korba,exact,
22,Chhattisgarh,222,6,Janjgir-Champa,405,Janjgir - Champa,exact,
22,Chhattisgarh,222,7,Bilaspur,406,Bilaspur,exact,
22,Chhattisgarh,222,8,Kabeerdham,407,Kabeerdham,exact,
22,Chhattisgarh,222,9,Rajnandgaon,408,Rajnandgaon,exact,
22,Chhattisgarh,222,10,Durg,409,Durg,exact,
22,Chhattisgarh,222,11,Raipur,410,Raipur,exact,
22,Chhattisgarh,222,12,Mahasamund,411,Mahasamund,exact,
22,Chhattisgarh,222,13,Dhamtari,412,Dhamtari,exact,
22,Chhattisgarh,223,14,Uttar Bastar Kanker,413,Uttar Bastar Kanker,exact,
22,Chhattisgarh,223,15,Bastar,414,Bastar,exact,
22,Chhattisgarh,223,16,Narayanpur,415,Narayanpur,exact,
22,Chhattisgarh,223,17,Dakshin Bastar Dantewada,416,Dakshin Bastar Dantewada,exact,
22,Chhattisgarh,223,18,Bijapur,417,Bijapur,exact,
22,Chhattisgarh,222,19,Balodabazar,410,Raipur,parent2011,District created after Census 2011; mapped to its dominant 2011 parent district.
22,Chhattisgarh,222,20,Gariyaband,410,Raipur,parent2011,District created after Census 2011; mapped to its dominant 2011 parent district.
22,Chhattisgarh,223,21,Kondagaon,414,Bastar,parent2011,District created after Census 2011; mapped to its dominant 2011 parent district.
22,Chhattisgarh,223,22,Sukama,416,Dakshin Bastar Dantewada,parent2011,District created after Census 2011; mapped to its dominant 2011 parent district.
22,Chhattisgarh,222,23,Bemetara,409,Durg,parent2011,District created after Census 2011; mapped to its dominant 2011 parent district.
22,Chhattisgarh,222,24,Balod,409,Durg,parent2011,District created after Census 2011; mapped to its dominant 2011 parent district.
22,Chhattisgarh,222,25,Mungeli,406,Bilaspur,parent2011,District created after Census 2011; mapped to its dominant 2011 parent district.
22,Chhattisgarh,221,26,Surajpur,401,Surguja,parent2011,District created after Census 2011; mapped to its dominant 2011 parent district.
22,Chhattisgarh,221,27,Balrampur,401,Surguja,parent2011,Created 2012 from Surguja (with a part of erstwhile Sarguja region); assigned to Surguja.
23,Madhya Pradesh,236,1,Sheopur,418,Sheopur,exact,
23,Madhya Pradesh,236,2,Morena,419,Morena,exact,
23,Madhya Pradesh,236,3,Bhind,420,Bhind,exact,
23,Madhya Pradesh,236,4,Gwalior,421,Gwalior,exact,
23,Madhya Pradesh,236,5,Datia,422,Datia,exact,
23,Madhya Pradesh,236,6,Shivpuri,423,Shivpuri,exact,
23,Madhya Pradesh,231,7,Tikamgarh,424,Tikamgarh,exact,
23,Madhya Pradesh,231,8,Chhatarpur,425,Chhatarpur,exact,
23,Madhya Pradesh,231,9,Panna,426,Panna,exact,
23,Madhya Pradesh,232,10,Sagar,427,Sagar,exact,
23,Madhya Pradesh,232,11,Damoh,428,Damoh,exact,
23,Madhya Pradesh,231,12,Satna,429,Satna,exact,
23,Madhya Pradesh,231,13,Rewa,430,Rewa,exact,
23,Madhya Pradesh,231,14,Umaria,431,Umaria,exact,
23,Madhya Pradesh,233,15,Neemuch,432,Neemuch,exact,
23,Madhya Pradesh,233,16,Mandsaur,433,Mandsaur,exact,
23,Madhya Pradesh,233,17,Ratlam,434,Ratlam,exact,
23,Madhya Pradesh,233,18,Ujjain,435,Ujjain,exact,
23,Madhya Pradesh,233,19,Shajapur,436,Shajapur,exact,
23,Madhya Pradesh,233,20,Dewas,437,Dewas,exact,
23,Madhya Pradesh,233,21,Dhar,438,Dhar,exact,
23,Madhya Pradesh,233,22,Indore,439,Indore,exact,
23,Madhya Pradesh,235,23,Khargone (West Nimar),440,Khargone (West Nimar),exact,
23,Madhya Pradesh,235,24,Barwani,441,Barwani,exact,
23,Madhya Pradesh,233,25,Rajgarh,442,Rajgarh,exact,
23,Madhya Pradesh,232,26,Vidisha,443,Vidisha,exact,
23,Madhya Pradesh,232,27,Bhopal,444,Bhopal,exact,
23,Madhya Pradesh,232,28,Sehore,445,Sehore,exact,
23,Madhya Pradesh,232,29,Raisen,446,Raisen,exact,
23,Madhya Pradesh,235,30,Betul,447,Betul,exact,
23,Madhya Pradesh,235,31,Harda,448,Harda,exact,
23,Madhya Pradesh,235,32,Hoshangabad,449,Hoshangabad,exact,
23,Madhya Pradesh,234,33,Katni,450,Katni,exact,
23,Madhya Pradesh,234,34,Jabalpur,451,Jabalpur,exact,
23,Madhya Pradesh,234,35,Narsimhapur,452,Narsimhapur,exact,
23,Madhya Pradesh,234,36,Dindori,453,Dindori,exact,
23,Madhya Pradesh,234,37,Mandla,454,Mandla,exact,
23,Madhya Pradesh,234,38,Chhindwara,455,Chhindwara,exact,
23,Madhya Pradesh,234,39,Seoni,456,Seoni,exact,
23,Madhya Pradesh,234,40,Balaghat,457,Balaghat,exact,
23,Madhya Pradesh,236,41,Guna,458,Guna,exact,
23,Madhya Pradesh,236,42,Ashoknagar,459,Ashoknagar,exact,
23,Madhya Pradesh,231,43,Shahdol,460,Shahdol,exact,
23,Madhya Pradesh,231,44,Anuppur,461,Anuppur,exact,
23,Madhya Pradesh,231,45,Sidhi,462,Sidhi,exact,
23,Madhya Pradesh,231,46,Singrauli,463,Singrauli,exact,
23,Madhya Pradesh,233,47,Jhabua,464,Jhabua,exact,
23,Madhya Pradesh,233,48,Alirajpur,465,Alirajpur,exact,
23,Madhya Pradesh,235,49,Khandwa (East Nimar),466,Khandwa (East Nimar),exact,
23,Madhya Pradesh,235,50,Burhanpur,467,Burhanpur,exact,
24,Gujarat,244,1,Kachchh,468,Kachchh,exact,
24,Gujarat,243,2,Banas Kantha,469,Banas Kantha,exact,
24,Gujarat,243,3,Patan,470,Patan,exact,
24,Gujarat,242,4,Mahesana,471,Mahesana,exact,
24,Gujarat,242,5,Sabar Kantha,472,Sabar Kantha,exact,
24,Gujarat,242,6,Gandhinagar,473,Gandhinagar,exact,
24,Gujarat,242,7,Ahmadabad,474,Ahmadabad,exact,
24,Gujarat,245,8,Surendranagar,475,Surendranagar,exact,
24,Gujarat,245,9,Rajkot,476,Rajkot,exact,
24,Gujarat,245,10,Jamnagar,477,Jamnagar,exact,
24,Gujarat,245,11,Porbandar,478,Porbandar,exact,
24,Gujarat,245,12,Junagadh,479,Junagadh,exact,
24,Gujarat,245,13,Amreli,480,Amreli,exact,
24,Gujarat,245,14,Bhavnagar,481,Bhavnagar,exact,
24,Gujarat,242,15,Anand,482,Anand,exact,
24,Gujarat,242,16,Kheda,483,Kheda,exact,
24,Gujarat,241,17,Panch Mahals,484,Panch Mahals,exact,
24,Gujarat,241,18,Dohad,485,Dohad,exact,
24,Gujarat,241,19,Vadodara,486,Vadodara,exact,
24,Gujarat,241,20,Narmada,487,Narmada,exact,
24,Gujarat,241,21,Bharuch,488,Bharuch,exact,
24,Gujarat,241,22,The Dangs,489,The Dangs,exact,
24,Gujarat,241,23,Navsari,490,Navsari,exact,
24,Gujarat,241,24,Valsad,491,Valsad,exact,
24,Gujarat,241,25,Surat,492,Surat,exact,
24,Gujarat,241,26,Tapi,493,Tapi,exact,
24,Gujarat,242,27,Arvalli,472,Sabar Kantha,parent2011,District created after Census 2011; mapped to its dominant 2011 parent district.
24,Gujarat,245,28,Botad,481,Bhavnagar,parent2011,Created 2013 from parts of Bhavnagar AND Ahmedabad; assigned to dominant parent Bhavnagar.
24,Gujarat,241,29,Chhota Udepur,486,Vadodara,parent2011,District created after Census 2011; mapped to its dominant 2011 parent district.
24,Gujarat,245,30,Dev Bhumi-Dwarka,477,Jamnagar,parent2011,District created after Census 2011; mapped to its dominant 2011 parent district.
24,Gujarat,245,31,Gir Somnath,479,Junagadh,parent2011,District created after Census 2011; mapped to its dominant 2011 parent district.
24,Gujarat,241,32,Mahisagar,484,Panch Mahals,parent2011,Created 2013 from parts of Panch Mahals AND Kheda; assigned to dominant parent Panch Mahals.
24,Gujarat,245,33,Morbi,476,Rajkot,parent2011,"Created 2013 from parts of Rajkot, Jamnagar and Surendranagar; assigned to dominant parent Rajkot."
25,Daman & Diu,251,1,Diu,494,Diu,exact,
25,Daman & Diu,251,2,Daman,495,Daman,exact,
26,Dadra & Nagar Haveli,261,1,Dadra & Nagar Haveli,496,Dadra AND Nagar Haveli,exact,
27,Maharashtra,273,1,Nandurbar,497,Nandurbar,exact,
27,Maharashtra,273,2,Dhule,498,Dhule,exact,
27,Maharashtra,273,3,Jalgaon,499,Jalgaon,exact,
27,Maharashtra,275,4,Buldana,500,Buldana,exact,
27,Maharashtra,275,5,Akola,501,Akola,exact,
27,Maharashtra,275,6,Washim,502,Washim,exact,
27,Maharashtra,275,7,Amravati,503,Amravati,exact,
27,Maharashtra,275,8,Wardha,504,Wardha,exact,
27,Maharashtra,275,9,Nagpur,505,Nagpur,exact,
27,Maharashtra,276,10,Bhandara,506,Bhandara,exact,
27,Maharashtra,276,11,Gondiya,507,Gondiya,exact,
27,Maharashtra,276,12,Gadchiroli,508,Gadchiroli,exact,
27,Maharashtra,276,13,Chandrapur,509,Chandrapur,exact,
27,Maharashtra,275,14,Yavatmal,510,Yavatmal,exact,
27,Maharashtra,274,15,Nanded,511,Nanded,exact,
27,Maharashtra,274,16,Hingoli,512,Hingoli,exact,
27,Maharashtra,274,17,Parbhani,513,Parbhani,exact,
27,Maharashtra,274,18,Jalna,514,Jalna,exact,
27,Maharashtra,274,19,Aurangabad,515,Aurangabad,exact,
27,Maharashtra,273,20,Nashik,516,Nashik,exact,
27,Maharashtra,271,21,Thane,517,Thane,exact,
27,Maharashtra,271,22,Mumbai Suburban,518,Mumbai Suburban,exact,
27,Maharashtra,271,23,Mumbai,519,Mumbai,exact,
27,Maharashtra,271,24,Raigarh,520,Raigarh,exact,
27,Maharashtra,272,25,Pune,521,Pune,exact,
27,Maharashtra,272,26,Ahmadnagar,522,Ahmadnagar,exact,
27,Maharashtra,274,27,Bid,523,Bid,exact,
27,Maharashtra,274,28,Latur,524,Latur,exact,
27,Maharashtra,274,29,Osmanabad,525,Osmanabad,exact,
27,Maharashtra,272,30,Solapur,526,Solapur,exact,
27,Maharashtra,272,31,Satara,527,Satara,exact,
27,Maharashtra,271,32,Ratnagiri,528,Ratnagiri,exact,
27,Maharashtra,271,33,Sindhudurg,529,Sindhudurg,exact,
27,Maharashtra,272,34,Kolhapur,530,Kolhapur,exact,
27,Maharashtra,272,35,Sangli,531,Sangli,exact,
28,Andhra Pradesh,281,1,Srikakulam,542,Srikakulam,exact,
28,Andhra Pradesh,281,2,Vizianagaram,543,Vizianagaram,exact,
28,Andhra Pradesh,281,3,Visakhapatnam,544,Visakhapatnam,exact,
28,Andhra Pradesh,281,4,East Godavari,545,East Godavari,exact,
28,Andhra Pradesh,281,5,West Godavari,546,West Godavari,exact,
28,Andhra Pradesh,282,6,Krishna,547,Krishna,exact,
28,Andhra Pradesh,282,7,Guntur,548,Guntur,exact,
28,Andhra Pradesh,282,8,Prakasam,549,Prakasam,exact,
28,Andhra Pradesh,282,9,Sri Potti Sriramulu Nellore,550,Sri Potti Sriramulu Nellore,exact,
28,Andhra Pradesh,283,10,Y.S.R. (Cuddapah),551,Y.S.R.,exact,
28,Andhra Pradesh,283,11,Kurnool,552,Kurnool,exact,
28,Andhra Pradesh,283,12,Anantapur,553,Anantapur,exact,
28,Andhra Pradesh,283,13,Chittoor,554,Chittoor,exact,
29,Karnataka,294,1,Belgaum,555,Belgaum,exact,
29,Karnataka,294,2,Bagalkot,556,Bagalkot,exact,
29,Karnataka,294,3,Bijapur,557,Bijapur,exact,
29,Karnataka,294,4,Bidar,558,Bidar,exact,
29,Karnataka,294,5,Raichur,559,Raichur,exact,
29,Karnataka,294,6,Koppal,560,Koppal,exact,
29,Karnataka,294,7,Gadag,561,Gadag,exact,
29,Karnataka,294,8,Dharwad,562,Dharwad,exact,
29,Karnataka,291,9,Uttara Kannada,563,Uttara Kannada,exact,
29,Karnataka,294,10,Haveri,564,Haveri,exact,
29,Karnataka,294,11,Bellary,565,Bellary,exact,
29,Karnataka,294,12,Chitradurga,566,Chitradurga,exact,
29,Karnataka,294,13,Davanagere,567,Davanagere,exact,
29,Karnataka,292,14,Shimoga,568,Shimoga,exact,
29,Karnataka,291,15,Udupi,569,Udupi,exact,
29,Karnataka,292,16,Chikmagalur,570,Chikmagalur,exact,
29,Karnataka,293,17,Tumkur,571,Tumkur,exact,
29,Karnataka,293,18,Bangalore,572,Bangalore,exact,
29,Karnataka,293,19,Mandya,573,Mandya,exact,
29,Karnataka,292,20,Hassan,574,Hassan,exact,
29,Karnataka,291,21,Dakshina Kannada,575,Dakshina Kannada,exact,
29,Karnataka,292,22,Kodagu,576,Kodagu,exact,
29,Karnataka,293,23,Mysore,577,Mysore,exact,
29,Karnataka,293,24,Chamarajanagar,578,Chamarajanagar,exact,
29,Karnataka,294,25,Gulbarga,579,Gulbarga,exact,
29,Karnataka,294,26,Yadgir,580,Yadgir,exact,
29,Karnataka,293,27,Kolar,581,Kolar,exact,
29,Karnataka,293,28,Chikkaballapura,582,Chikkaballapura,exact,
29,Karnataka,293,29,Bangalore Rural,583,Bangalore Rural,exact,
29,Karnataka,293,30,Ramanagara,584,Ramanagara,exact,
30,Goa,301,1,North Goa,585,North Goa,exact,
30,Goa,301,2,South Goa,586,South Goa,exact,
31,Lakshadweep,311,1,Lakshadweep,587,Lakshadweep,exact,
32,Kerala,321,1,Kasaragod,588,Kasaragod,exact,
32,Kerala,321,2,Kannur,589,Kannur,exact,
32,Kerala,321,3,Wayanad,590,Wayanad,exact,
32,Kerala,321,4,Kozhikode,591,Kozhikode,exact,
32,Kerala,321,5,Malappuram,592,Malappuram,exact,
32,Kerala,321,6,Palakkad,593,Palakkad,exact,
32,Kerala,322,7,Thrissur,594,Thrissur,exact,
32,Kerala,322,8,Ernakulam,595,Ernakulam,exact,
32,Kerala,322,9,Idukki,596,Idukki,exact,
32,Kerala,322,10,Kottayam,597,Kottayam,exact,
32,Kerala,322,11,Alappuzha,598,Alappuzha,exact,
32,Kerala,322,12,Pathanamthitta,599,Pathanamthitta,exact,
32,Kerala,322,13,Kollam,600,Kollam,exact,
32,Kerala,322,14,Thiruvananthapuram,601,Thiruvananthapuram,exact,
33,Tamil Nadu,331,1,Thiruvallur,602,Thiruvallur,exact,
33,Tamil Nadu,331,2,Chennai,603,Chennai,exact,
33,Tamil Nadu,331,3,Kancheepuram,604,Kancheepuram,exact,
33,Tamil Nadu,331,4,Vellore,605,Vellore,exact,
33,Tamil Nadu,331,5,Tiruvannamalai,606,Tiruvannamalai,exact,
33,Tamil Nadu,331,6,Viluppuram,607,Viluppuram,exact,
33,Tamil Nadu,334,7,Salem,608,Salem,exact,
33,Tamil Nadu,334,8,Namakkal,609,Namakkal,exact,
33,Tamil Nadu,334,9,Erode,610,Erode,exact,
33,Tamil Nadu,334,10,The Nilgiris,611,The Nilgiris,exact,
33,Tamil Nadu,333,11,Dindigul,612,Dindigul,exact,
33,Tamil Nadu,332,12,Karur,613,Karur,exact,
33,Tamil Nadu,332,13,Tiruchirappalli,614,Tiruchirappalli,exact,
33,Tamil Nadu,332,14,Perambalur,615,Perambalur,exact,
33,Tamil Nadu,332,15,Ariyalur,616,Ariyalur,exact,
33,Tamil Nadu,331,16,Cuddalore,617,Cuddalore,exact,
33,Tamil Nadu,332,17,Nagapattinam,618,Nagapattinam,exact,
33,Tamil Nadu,332,18,Thiruvarur,619,Thiruvarur,exact,
33,Tamil Nadu,332,19,Thanjavur,620,Thanjavur,exact,
33,Tamil Nadu,332,20,Pudukkottai,621,Pudukkottai,exact,
33,Tamil Nadu,333,21,Sivaganga,622,Sivaganga,exact,
33,Tamil Nadu,333,22,Madurai,623,Madurai,exact,
33,Tamil Nadu,333,23,Theni,624,Theni,exact,
33,Tamil Nadu,333,24,Virudhunagar,625,Virudhunagar,exact,
33,Tamil Nadu,333,25,Ramanathapuram,626,Ramanathapuram,exact,
33,Tamil Nadu,333,26,Thoothukkudi,627,Thoothukkudi,exact,
33,Tamil Nadu,333,27,Tirunelveli,628,Tirunelveli,exact,
33,Tamil Nadu,333,28,Kanniyakumari,629,Kanniyakumari,exact,
33,Tamil Nadu,334,29,Dharmapuri,630,Dharmapuri,exact,
33,Tamil Nadu,334,30,Krishnagiri,631,Krishnagiri,exact,
33,Tamil Nadu,334,31,Coimbatore,632,Coimbatore,exact,
33,Tamil Nadu,334,32,Tiruppur,633,Tiruppur,exact,
34,Puducherry,341,1,Yanam,634,Yanam,exact,
34,Puducherry,341,2,Puducherry,635,Pondicherry,alias,Spelling variant of the 2011 census name.
34,Puducherry,341,3,Mahe,636,Mahe,exact,
34,Puducherry,341,4,Karaikal,637,Karaikal,exact,
35,Andaman & Nicobar Islands,351,1,Nicobars,638,Nicobars,exact,
35,Andaman & Nicobar Islands,351,2,North & Middle Andaman,639,North  AND Middle Andaman,exact,
35,Andaman & Nicobar Islands,351,3,South Andaman,640,South Andaman,exact,
36,Telangana,361,1,Adilabad,532,Adilabad,exact,
36,Telangana,361,2,Komaram Bheem,532,Adilabad,parent2011,District created after Census 2011; mapped to its dominant 2011 parent district.
36,Telangana,361,3,Mancherial,532,Adilabad,parent2011,District created after Census 2011; mapped to its dominant 2011 parent district.
36,Telangana,361,4,Nirmal,532,Adilabad,parent2011,District created after Census 2011; mapped to its dominant 2011 parent district.
36,Telangana,361,5,Nizamabad,533,Nizamabad,exact,
36,Telangana,362,6,Jagtial,534,Karimnagar,parent2011,District created after Census 2011; mapped to its dominant 2011 parent district.
36,Telangana,362,7,Peddapalli,534,Karimnagar,parent2011,District created after Census 2011; mapped to its dominant 2011 parent district.
36,Telangana,362,8,Jayashankar,540,Warangal,parent2011,Created 2016 mainly from Warangal (parts of Karimnagar/Khammam); assigned to Warangal.
36,Telangana,362,9,Bhadradri,541,Khammam,parent2011,Created 2016 from Khammam; assigned to Khammam.
36,Telangana,362,10,Mahabubabad,540,Warangal,parent2011,District created after Census 2011; mapped to its dominant 2011 parent district.
36,Telangana,362,11,Warangal Rural,540,Warangal,parent2011,District created after Census 2011; mapped to its dominant 2011 parent district.
36,Telangana,362,12,Warangal Urban,540,Warangal,parent2011,District created after Census 2011; mapped to its dominant 2011 parent district.
36,Telangana,362,13,Karimnagar,534,Karimnagar,exact,
36,Telangana,362,14,Rajanna,534,Karimnagar,parent2011,District created after Census 2011; mapped to its dominant 2011 parent district.
36,Telangana,361,15,Kamareddy,533,Nizamabad,parent2011,District created after Census 2011; mapped to its dominant 2011 parent district.
36,Telangana,361,16,Sangareddy,535,Medak,parent2011,Created 2016 mainly from Medak; assigned to Medak.
36,Telangana,361,17,Medak,535,Medak,exact,
36,Telangana,361,18,Siddipet,535,Medak,parent2011,"Created 2016 from parts of Medak, Karimnagar and Warangal; assigned to dominant parent Medak."
36,Telangana,362,19,Jangaon,540,Warangal,parent2011,District created after Census 2011; mapped to its dominant 2011 parent district.
36,Telangana,362,20,Yadadri,539,Nalgonda,parent2011,District created after Census 2011; mapped to its dominant 2011 parent district.
36,Telangana,361,21,Medchal-Malkajgiri,537,Rangareddy,parent2011,Created 2016 from Rangareddy (and a sliver of Medak); assigned to Rangareddy.
36,Telangana,361,22,Hyderabad,536,Hyderabad,exact,
36,Telangana,361,23,Rangareddy,537,Rangareddy,exact,
36,Telangana,361,24,Vikarabad,537,Rangareddy,parent2011,District created after Census 2011; mapped to its dominant 2011 parent district.
36,Telangana,361,25,Mahbubnagar,538,Mahbubnagar,exact,
36,Telangana,361,26,Jogulamba,538,Mahbubnagar,parent2011,District created after Census 2011; mapped to its dominant 2011 parent district.
36,Telangana,361,27,Wanaparthy,538,Mahbubnagar,parent2011,District created after Census 2011; mapped to its dominant 2011 parent district.
36,Telangana,361,28,Nagarkurnool,538,Mahbubnagar,parent2011,District created after Census 2011; mapped to its dominant 2011 parent district.
36,Telangana,362,29,Nalgonda,539,Nalgonda,exact,
36,Telangana,362,30,Suryapet,539,Nalgonda,parent2011,District created after Census 2011; mapped to its dominant 2011 parent district.
36,Telangana,362,31,Khammam,541,Khammam,exact,
36,Telangana,362,32,Mulugu,540,Warangal,parent2011,"Not in Vol-I Appendix I (created Feb 2019); code 32 inferred from NSS region in data (362, Inland North Eastern). Parent 2011 district: Warangal."
36,Telangana,361,33,Narayanpet,538,Mahbubnagar,parent2011,"Not in Vol-I Appendix I (created Feb 2019); code 33 inferred from NSS region in data (361, Inland North Western). Parent 2011 district: Mahbubnagar."
37,Ladakh,371,1,Leh,3,Leh(Ladakh),exact,
37,Ladakh,371,2,Kargil,4,Kargil,exact,
